{"cameraMode":{"drawMode":0,"name":"Shaded","section":"Shading Mode"},"sceneLighting":true,"audioPlay":false,"sceneViewState":{"m_AlwaysRefresh":false,"showFog":true,"showSkybox":false,"showFlares":true,"showImageEffects":true,"showParticleSystems":true,"showVisualEffectGraphs":true,"m_FxEnabled":true},"in2DMode":false,"pivot":{"x":-2.9249398708343508,"y":-1.5212117433547974,"z":3.1448516845703127},"rotation":{"x":-0.20769131183624268,"y":0.4096987843513489,"z":-0.09635460376739502,"w":-0.8830339312553406},"size":2.7513160705566408,"orthographic":true}