{"cameraMode":{"drawMode":0,"name":"Shaded","section":"Shading Mode"},"sceneLighting":true,"audioPlay":false,"sceneViewState":{"m_AlwaysRefresh":false,"showFog":true,"showSkybox":false,"showFlares":true,"showImageEffects":true,"showParticleSystems":true,"showVisualEffectGraphs":true,"m_FxEnabled":true},"in2DMode":false,"pivot":{"x":-0.8805471658706665,"y":2.394354820251465,"z":2.729062080383301},"rotation":{"x":-0.11202572286128998,"y":-0.06463156640529633,"z":0.007338271476328373,"w":-0.9916054606437683},"size":4.568186283111572,"orthographic":true}