{"cameraMode":{"drawMode":0,"name":"Shaded","section":"Shading Mode"},"sceneLighting":true,"audioPlay":false,"sceneViewState":{"m_AlwaysRefresh":false,"showFog":true,"showSkybox":true,"showFlares":true,"showImageEffects":true,"showParticleSystems":true,"showVisualEffectGraphs":true,"m_FxEnabled":true},"in2DMode":false,"pivot":{"x":-2.9324111938476564,"y":-1.3588314056396485,"z":3.186414957046509},"rotation":{"x":0.0023405011743307115,"y":-0.6253637671470642,"z":-0.001876152935437858,"w":-0.7803400754928589},"size":0.6136975884437561,"orthographic":true}