{"cameraMode":{"drawMode":0,"name":"Shaded","section":"Shading Mode"},"sceneLighting":true,"audioPlay":false,"sceneViewState":{"m_AlwaysRefresh":false,"showFog":true,"showSkybox":true,"showFlares":true,"showImageEffects":true,"showParticleSystems":true,"showVisualEffectGraphs":true,"m_FxEnabled":true},"in2DMode":false,"pivot":{"x":-2.832411289215088,"y":-1.6088314056396485,"z":3.186414957046509},"rotation":{"x":0.058071382343769076,"y":-0.34150564670562746,"z":0.021066909655928613,"w":0.9378978610038757},"size":2.661309242248535,"orthographic":true}